{
  "version": 2,
  "slice_index": 0,
  "total_frames": 300,
  "num_gaussians": 98886,
  "target_fps": 10,
  "iframe_file": "iframe_slice_0.spz",
  "iframe_raw_size": 0,
  "bundle_file": "pframes_bundle.bin.gz",
  "bundle_raw_size": 208554246,
  "bundle_gz_size": 56834877,
  "quant_params": {
    "dc_min": [
      -2.3194596767425537,
      -2.3241286277770996,
      -2.3770503997802734
    ],
    "dc_max": [
      3.3486573696136475,
      2.217146158218384,
      3.1721737384796143
    ],
    "op_min": 0.0,
    "op_max": 1.0,
    "xyz_d_min": [
      -0.12509970724582672,
      -0.08281885400414467,
      -0.3865168583393097
    ],
    "xyz_d_max": [
      0.16892357528209687,
      0.06830504104495048,
      0.17995201468467711
    ]
  },
  "refresh_interval": 30,
  "encoding": "recon-tracking-v2"
}