{
  "version": 1,
  "slice_index": 0,
  "total_frames": 300,
  "num_gaussians": 98886,
  "target_fps": 10,
  "iframe_file": "iframe_slice_0.ply.gz",
  "iframe_raw_size": 24525258,
  "bundle_file": "pframes_bundle.bin.gz",
  "bundle_raw_size": 208554246,
  "bundle_gz_size": 33835085,
  "quant_params": {
    "dc_min": [
      -2.376140832901001,
      -2.3695414066314697,
      -2.432542562484741
    ],
    "dc_max": [
      3.4053385257720947,
      2.262558937072754,
      3.227665901184082
    ],
    "op_min": -0.009999999776482582,
    "op_max": 1.0099999904632568,
    "xyz_d_min": [
      -0.47628045082092285,
      -0.42599156498908997,
      -0.549620509147644
    ],
    "xyz_d_max": [
      0.8627805709838867,
      0.7302472591400146,
      0.5347753763198853
    ]
  },
  "refresh_interval": 30
}