{
  "version": 2,
  "slice_index": 0,
  "total_frames": 300,
  "num_gaussians": 98886,
  "target_fps": 10,
  "iframe_file": "iframe_slice_0.spz",
  "iframe_raw_size": 0,
  "bundle_file": "pframes_bundle.bin.gz",
  "bundle_raw_size": 208554246,
  "bundle_gz_size": 38292479,
  "quant_params": {
    "dc_min": [
      -2.3194596767425537,
      -2.3241286277770996,
      -2.3770503997802734
    ],
    "dc_max": [
      3.3486573696136475,
      2.217146158218384,
      3.1721737384796143
    ],
    "op_min": 0.0,
    "op_max": 1.0,
    "xyz_d_min": [
      -0.5295183032751083,
      -0.7302428156137466,
      -0.9742933869361877
    ],
    "xyz_d_max": [
      0.7796673744916915,
      0.7769960433244705,
      0.6014153122901916
    ]
  },
  "refresh_interval": 30,
  "encoding": "recon-tracking-v2"
}